{
  "name": "client-app",
  "version": "0.0.0",
  "scripts": {
    "ng": "ng",
    "start": "ng serve",
    "build": "ng build",
    "test": "ng test",
    "lint": "ng lint",
    "e2e": "ng e2e"
  },
  "private": true,
  "dependencies": {
    "@angular-devkit/core": "^10.0.6",
    "@angular/animations": "10.0.2",
    "@angular/cdk": "^10.0.2",
    "@angular/common": "10.0.2",
    "@angular/compiler": "10.0.2",
    "@angular/core": "10.0.2",
    "@angular/forms": "10.0.2",
    "@angular/http": "^7.2.16",
    "@angular/material": "^10.0.2",
    "@angular/platform-browser": "10.0.2",
    "@angular/platform-browser-dynamic": "10.0.2",
    "@angular/router": "10.0.2",
    "@fortawesome/angular-fontawesome": "^0.7.0",
    "@fortawesome/fontawesome-common-types": "^0.2.30",
    "@fortawesome/fontawesome-svg-core": "^1.2.30",
    "@fortawesome/free-solid-svg-icons": "^5.14.0",
    "angular": "^1.8.0",
    "angular-chartist.js": "^5.0.0-beta.2",
    "angular-popper": "^2.0.1",
    "angularcli": "^6.0.1",
    "arrive": "^2.4.1",
    "bootstrap": "^4.5.2",
    "bootstrap-material-design": "^4.1.3",
    "bootstrap-notify": "^3.1.3",
    "chart.js": "^2.9.3",
    "cornerstone-core": "^2.3.0",
    "cornerstone-math": "^0.1.8",
    "cornerstone-tools": "^4.21.0",
    "dicom-parser": "^1.8.5",
    "file-saver": "^2.0.2",
    "hammerjs": "^2.0.8",
    "jquery": "^3.5.1",
    "jquery-ui": "^1.12.1",
    "mdbootstrap": "^4.19.1",
    "moment": "^2.27.0",
    "ng-chartist": "^4.1.0",
    "ng-dicomviewer": "^0.1.37",
    "ng2-charts": "^2.3.3",
    "ngx-dropzone": "^2.2.2",
    "ngx-dropzone-wrapper": "^9.0.0",
    "ngx-file-drop": "^9.0.1",
    "ngx-material-timepicker": "^5.5.3",
    "ngx-show-hide-password": "^2.3.0",
    "ngx-toastr": "^10.2.0",
    "perfect-scrollbar": "^1.5.0",
    "popper.js": "^1.16.1",
    "rxjs": "~6.4.0",
    "rxjs-compat": "^6.6.2",
    "save": "^2.4.0",
    "sweetalert2": "^9.17.1",
    "tslib": "^1.10.0",
    "zone.js": "~0.9.1"
  },
  "devDependencies": {
    "@angular-devkit/build-angular": "^0.1000.2",
    "@angular/cli": "^10.0.6",
    "@angular/compiler-cli": "10.0.2",
    "@angular/language-service": "10.0.2",
    "@types/jasmine": "~3.3.8",
    "@types/jasminewd2": "~2.0.3",
    "@types/node": "~8.9.4",
    "codelyzer": "^5.2.2",
    "jasmine-core": "~3.4.0",
    "jasmine-spec-reporter": "~4.2.1",
    "karma": "~4.1.0",
    "karma-chrome-launcher": "~2.2.0",
    "karma-coverage-istanbul-reporter": "~2.0.1",
    "karma-jasmine": "~2.0.1",
    "karma-jasmine-html-reporter": "^1.4.0",
    "protractor": "~5.4.0",
    "ts-node": "~7.0.0",
    "tslint": "~5.15.0",
    "typescript": "^3.9.7",
    "webpack": "^4.44.1"
  }
}
