{
  "name": "client-app",
  "version": "0.0.0",
  "scripts": {
    "ng": "ng",
    "start": "ng serve",
    "build": "ng build",
    "test": "ng test",
    "lint": "ng lint",
    "e2e": "ng e2e"
  },
  "private": true,
  "dependencies": {
    "@angular/animations": "~8.2.11",
    "@angular/cdk": "~8.2.3",
    "@angular/common": "~8.2.11",
    "@angular/compiler": "~8.2.11",
    "@angular/core": "~8.2.11",
    "@angular/forms": "~8.2.11",
    "@angular/http": "^7.2.16",
    "@angular/material": "^8.2.3",
    "@angular/platform-browser": "~8.2.11",
    "@angular/platform-browser-dynamic": "~8.2.11",
    "@angular/router": "~8.2.11",
    "@fortawesome/angular-fontawesome": "^0.6.1",
    "@fortawesome/fontawesome-svg-core": "^1.2.29",
    "@fortawesome/free-solid-svg-icons": "^5.13.1",
    "angular-chartist.js": "^5.0.0-beta.2",
    "angular-popper": "^2.0.1",
    "arrive": "^2.4.1",
    "bootstrap": "^4.5.0",
    "bootstrap-material-design": "^4.1.3",
    "bootstrap-notify": "^3.1.3",
    "hammerjs": "^2.0.8",
    "jquery": "^3.5.1",
    "jquery-ui": "^1.12.1",
    "mdbootstrap": "^4.19.0",
    "moment": "^2.26.0",
    "ng-chartist": "^4.1.0",
    "ngx-dropzone": "^2.2.2",
    "ngx-dropzone-wrapper": "^9.0.0",
    "ngx-file-drop": "^9.0.1",
    "ngx-show-hide-password": "^2.1.0",
    "ngx-toastr": "^10.2.0",
    "perfect-scrollbar": "^1.5.0",
    "popper.js": "^1.16.1",
    "rxjs": "~6.4.0",
    "rxjs-compat": "^6.5.5",
    "save": "^2.4.0",
    "sweetalert2": "^9.15.1",
    "tslib": "^1.10.0",
    "zone.js": "~0.9.1"
  },
  "devDependencies": {
    "@angular-devkit/build-angular": "~0.803.14",
    "@angular/cli": "~8.3.14",
    "@angular/compiler-cli": "~8.2.11",
    "@angular/language-service": "~8.2.11",
    "@types/node": "~8.9.4",
    "@types/jasmine": "~3.3.8",
    "@types/jasminewd2": "~2.0.3",
    "codelyzer": "^5.0.0",
    "jasmine-core": "~3.4.0",
    "jasmine-spec-reporter": "~4.2.1",
    "karma": "~4.1.0",
    "karma-chrome-launcher": "~2.2.0",
    "karma-coverage-istanbul-reporter": "~2.0.1",
    "karma-jasmine": "~2.0.1",
    "karma-jasmine-html-reporter": "^1.4.0",
    "protractor": "~5.4.0",
    "ts-node": "~7.0.0",
    "tslint": "~5.15.0",
    "typescript": "~3.5.3"
  }
}
